user_id,login_time
USER_0128,2024-09-04 16:22:00
USER_0192,2024-09-04 17:05:00
USER_0051,2024-09-04 17:57:00
USER_0033,2024-09-04 19:06:00
USER_0095,2024-09-06 15:30:00
USER_0089,2024-09-06 21:55:00
USER_0199,2024-09-07 19:10:00
USER_0191,2024-09-08 12:30:00
USER_0024,2024-09-08 15:43:00
USER_0135,2024-09-09 08:20:00
USER_0128,2024-09-09 14:32:00
USER_0190,2024-09-10 07:17:00
USER_0070,2024-09-10 18:42:00
USER_0190,2024-09-10 21:19:00
USER_0052,2024-09-11 09:37:00
USER_0048,2024-09-11 21:26:00
USER_0005,2024-09-13 04:59:00
USER_0027,2024-09-13 06:28:00
USER_0053,2024-09-13 09:40:00
USER_0043,2024-09-14 06:43:00
USER_0034,2024-09-14 07:18:00
USER_0034,2024-09-14 07:46:00
USER_0165,2024-09-14 07:48:00
USER_0108,2024-09-14 08:41:00
USER_0057,2024-09-14 09:59:00
USER_0065,2024-09-14 14:18:00
USER_0026,2024-09-14 16:11:00
USER_0169,2024-09-14 19:53:00
USER_0023,2024-09-14 23:39:00
USER_0037,2024-09-15 01:33:00
USER_0015,2024-09-15 09:27:00
USER_0081,2024-09-15 10:35:00
USER_0021,2024-09-15 16:47:00
USER_0043,2024-09-15 18:24:00
USER_0104,2024-09-16 13:20:00
USER_0199,2024-09-16 13:31:00
USER_0030,2024-09-17 07:20:00
USER_0190,2024-09-17 10:51:00
USER_0178,2024-09-17 10:59:00
USER_0167,2024-09-17 17:25:00
USER_0065,2024-09-18 03:32:00
USER_0158,2024-09-18 04:09:00
USER_0131,2024-09-18 07:34:00
USER_0116,2024-09-18 09:30:00
USER_0115,2024-09-18 09:51:00
USER_0163,2024-09-18 11:20:00
USER_0187,2024-09-18 14:54:00
USER_0187,2024-09-18 15:14:00
USER_0138,2024-09-18 19:47:00
USER_0008,2024-09-19 00:22:00
USER_0135,2024-09-19 08:06:00
USER_0053,2024-09-19 09:11:00
USER_0194,2024-09-19 11:27:00
USER_0063,2024-09-19 20:05:00
USER_0008,2024-09-19 20:06:00
USER_0163,2024-09-20 02:37:00
USER_0023,2024-09-20 08:29:00
USER_0187,2024-09-20 16:06:00
USER_0039,2024-09-20 16:43:00
USER_0054,2024-09-20 17:35:00
USER_0170,2024-09-21 07:03:00
USER_0119,2024-09-21 10:40:00
USER_0144,2024-09-21 17:11:00
USER_0102,2024-09-21 17:49:00
USER_0028,2024-09-22 08:07:00
USER_0116,2024-09-22 10:01:00
USER_0050,2024-09-22 19:46:00
USER_0007,2024-09-23 02:11:00
USER_0051,2024-09-23 06:42:00
USER_0184,2024-09-23 07:36:00
USER_0063,2024-09-23 11:18:00
USER_0083,2024-09-23 12:03:00
USER_0020,2024-09-23 12:55:00
USER_0102,2024-09-23 13:45:00
USER_0030,2024-09-23 17:44:00
USER_0049,2024-09-23 18:42:00
USER_0063,2024-09-23 18:57:00
USER_0156,2024-09-23 19:00:00
USER_0119,2024-09-23 21:12:00
USER_0198,2024-09-24 17:20:00
USER_0114,2024-09-24 17:24:00
USER_0165,2024-09-24 17:41:00
USER_0172,2024-09-24 18:11:00
USER_0030,2024-09-25 06:13:00
USER_0031,2024-09-25 07:27:00
USER_0121,2024-09-25 08:36:00
USER_0138,2024-09-25 10:16:00
USER_0159,2024-09-25 11:22:00
USER_0078,2024-09-25 18:39:00
USER_0189,2024-09-26 07:38:00
USER_0089,2024-09-26 22:08:00
USER_0119,2024-09-26 22:14:00
USER_0054,2024-09-27 04:22:00
USER_0098,2024-09-27 04:23:00
USER_0050,2024-09-27 12:15:00
USER_0006,2024-09-27 16:56:00
USER_0050,2024-09-27 20:15:00
USER_0009,2024-09-27 21:19:00
USER_0048,2024-09-28 02:31:00
USER_0189,2024-09-28 03:27:00
USER_0004,2024-09-28 16:59:00
USER_0179,2024-09-29 06:03:00
USER_0135,2024-09-29 09:56:00
USER_0159,2024-09-29 10:30:00
USER_0071,2024-09-29 14:46:00
USER_0036,2024-09-29 19:36:00
USER_0066,2024-09-29 20:06:00
USER_0074,2024-09-30 04:18:00
USER_0013,2024-09-30 04:29:00
USER_0053,2024-09-30 10:37:00
USER_0059,2024-09-30 10:45:00
USER_0043,2024-09-30 11:24:00
USER_0091,2024-09-30 13:08:00
USER_0150,2024-09-30 14:55:00
USER_0020,2024-09-30 17:02:00
USER_0027,2024-09-30 21:33:00
USER_0192,2024-10-01 06:57:00
USER_0037,2024-10-01 08:27:00
USER_0082,2024-10-01 11:38:00
USER_0072,2024-10-01 11:56:00
USER_0026,2024-10-01 12:59:00
USER_0006,2024-10-01 15:55:00
USER_0152,2024-10-01 21:05:00
USER_0028,2024-10-02 04:38:00
USER_0174,2024-10-02 04:44:00
USER_0138,2024-10-02 06:40:00
USER_0023,2024-10-02 10:28:00
USER_0138,2024-10-02 16:34:00
USER_0138,2024-10-02 17:00:00
USER_0006,2024-10-02 17:38:00
USER_0178,2024-10-03 00:17:00
USER_0130,2024-10-03 02:06:00
USER_0186,2024-10-03 02:30:00
USER_0029,2024-10-03 08:04:00
USER_0163,2024-10-03 09:35:00
USER_0041,2024-10-03 09:58:00
USER_0179,2024-10-03 10:20:00
USER_0012,2024-10-03 12:02:00
USER_0192,2024-10-03 13:58:00
USER_0090,2024-10-03 18:27:00
USER_0116,2024-10-03 18:35:00
USER_0155,2024-10-04 00:06:00
USER_0054,2024-10-04 07:13:00
USER_0009,2024-10-04 07:23:00
USER_0168,2024-10-04 11:25:00
USER_0026,2024-10-04 13:12:00
USER_0011,2024-10-04 13:21:00
USER_0011,2024-10-04 17:10:00
USER_0056,2024-10-04 20:55:00
USER_0177,2024-10-04 20:57:00
USER_0052,2024-10-04 21:19:00
USER_0083,2024-10-05 03:05:00
USER_0002,2024-10-05 03:22:00
USER_0002,2024-10-05 04:11:00
USER_0200,2024-10-05 06:22:00
USER_0036,2024-10-05 06:41:00
USER_0149,2024-10-05 07:00:00
USER_0153,2024-10-05 07:06:00
USER_0103,2024-10-05 09:12:00
USER_0130,2024-10-05 09:26:00
USER_0027,2024-10-05 10:37:00
USER_0112,2024-10-05 19:19:00
USER_0145,2024-10-06 01:49:00
USER_0172,2024-10-06 05:50:00
USER_0141,2024-10-06 12:49:00
USER_0004,2024-10-06 18:15:00
USER_0026,2024-10-07 09:35:00
USER_0138,2024-10-07 10:25:00
USER_0189,2024-10-07 11:40:00
USER_0176,2024-10-07 14:31:00
USER_0091,2024-10-07 20:04:00
USER_0175,2024-10-07 21:13:00
USER_0014,2024-10-08 06:28:00
USER_0040,2024-10-08 08:14:00
USER_0005,2024-10-08 08:36:00
USER_0163,2024-10-08 09:14:00
USER_0185,2024-10-08 10:56:00
USER_0198,2024-10-08 13:38:00
USER_0110,2024-10-08 14:35:00
USER_0154,2024-10-08 16:36:00
USER_0036,2024-10-09 05:36:00
USER_0173,2024-10-09 07:24:00
USER_0150,2024-10-09 08:34:00
USER_0200,2024-10-09 09:20:00
USER_0053,2024-10-09 09:36:00
USER_0029,2024-10-09 10:16:00
USER_0063,2024-10-09 11:45:00
USER_0135,2024-10-09 12:46:00
USER_0027,2024-10-09 19:43:00
USER_0153,2024-10-09 19:47:00
USER_0182,2024-10-10 01:57:00
USER_0119,2024-10-10 02:08:00
USER_0054,2024-10-10 06:51:00
USER_0143,2024-10-10 08:51:00
USER_0188,2024-10-10 10:52:00
USER_0148,2024-10-10 11:51:00
USER_0075,2024-10-10 14:44:00
USER_0189,2024-10-10 16:28:00
USER_0167,2024-10-10 18:33:00
USER_0176,2024-10-11 05:46:00
USER_0191,2024-10-11 07:59:00
USER_0012,2024-10-11 09:14:00
USER_0088,2024-10-11 09:45:00
USER_0195,2024-10-11 10:09:00
USER_0147,2024-10-11 12:52:00
USER_0172,2024-10-11 13:58:00
USER_0087,2024-10-11 17:43:00
USER_0116,2024-10-11 18:36:00
USER_0049,2024-10-11 18:59:00
USER_0066,2024-10-12 05:47:00
USER_0011,2024-10-12 07:25:00
USER_0108,2024-10-12 10:53:00
USER_0158,2024-10-12 14:17:00
USER_0140,2024-10-12 20:57:00
USER_0101,2024-10-12 21:21:00
USER_0062,2024-10-13 03:55:00
USER_0082,2024-10-13 04:32:00
USER_0051,2024-10-13 05:57:00
USER_0003,2024-10-13 08:04:00
USER_0190,2024-10-13 08:47:00
USER_0180,2024-10-13 09:46:00
USER_0070,2024-10-13 14:57:00
USER_0033,2024-10-13 16:56:00
USER_0066,2024-10-13 16:56:00
USER_0195,2024-10-13 18:12:00
USER_0080,2024-10-13 18:35:00
USER_0130,2024-10-14 06:33:00
USER_0082,2024-10-14 07:15:00
USER_0028,2024-10-14 07:58:00
USER_0107,2024-10-14 08:05:00
USER_0068,2024-10-14 08:30:00
USER_0058,2024-10-14 08:55:00
USER_0042,2024-10-14 12:00:00
USER_0054,2024-10-14 12:13:00
USER_0167,2024-10-14 13:52:00
USER_0079,2024-10-15 04:58:00
USER_0042,2024-10-15 07:46:00
USER_0172,2024-10-15 07:59:00
USER_0013,2024-10-15 10:03:00
USER_0021,2024-10-15 13:10:00
USER_0016,2024-10-15 15:23:00
USER_0094,2024-10-15 20:55:00
USER_0076,2024-10-16 00:03:00
USER_0138,2024-10-16 07:20:00
USER_0122,2024-10-16 10:06:00
USER_0090,2024-10-16 10:24:00
USER_0120,2024-10-16 11:51:00
USER_0192,2024-10-16 14:30:00
USER_0039,2024-10-16 15:38:00
USER_0026,2024-10-17 04:01:00
USER_0023,2024-10-17 07:49:00
USER_0149,2024-10-17 08:10:00
USER_0055,2024-10-17 09:19:00
USER_0148,2024-10-17 11:03:00
USER_0034,2024-10-17 14:29:00
USER_0195,2024-10-17 15:50:00
USER_0124,2024-10-17 18:32:00
USER_0041,2024-10-17 22:04:00
USER_0173,2024-10-17 23:45:00
USER_0098,2024-10-18 04:14:00
USER_0071,2024-10-18 06:27:00
USER_0154,2024-10-18 09:25:00
USER_0143,2024-10-18 11:22:00
USER_0100,2024-10-18 11:58:00
USER_0039,2024-10-18 14:34:00
USER_0120,2024-10-18 18:28:00
USER_0091,2024-10-18 18:38:00
USER_0122,2024-10-19 00:49:00
USER_0060,2024-10-19 04:27:00
USER_0096,2024-10-19 06:27:00
USER_0196,2024-10-19 07:30:00
USER_0186,2024-10-19 07:38:00
USER_0122,2024-10-19 09:16:00
USER_0063,2024-10-19 11:31:00
USER_0086,2024-10-19 11:34:00
USER_0021,2024-10-19 15:50:00
USER_0120,2024-10-19 21:28:00
USER_0093,2024-10-19 23:44:00
USER_0131,2024-10-20 04:13:00
USER_0114,2024-10-20 08:15:00
USER_0030,2024-10-20 10:09:00
USER_0028,2024-10-20 15:03:00
USER_0030,2024-10-20 15:39:00
USER_0040,2024-10-20 21:14:00
USER_0130,2024-10-21 00:38:00
USER_0184,2024-10-21 00:58:00
USER_0146,2024-10-21 05:10:00
USER_0012,2024-10-21 06:35:00
USER_0155,2024-10-21 06:38:00
USER_0031,2024-10-21 11:26:00
USER_0196,2024-10-21 13:59:00
USER_0147,2024-10-21 16:43:00
USER_0054,2024-10-21 16:55:00
USER_0055,2024-10-21 17:52:00
USER_0164,2024-10-22 00:16:00
USER_0054,2024-10-22 04:01:00
USER_0120,2024-10-22 18:49:00
USER_0056,2024-10-22 20:45:00
USER_0019,2024-10-22 21:59:00
USER_0174,2024-10-23 00:02:00
USER_0157,2024-10-23 01:16:00
USER_0181,2024-10-23 07:32:00
USER_0117,2024-10-23 07:58:00
USER_0080,2024-10-23 08:07:00
USER_0129,2024-10-23 08:36:00
USER_0126,2024-10-23 09:44:00
USER_0132,2024-10-23 10:13:00
USER_0149,2024-10-23 17:58:00
USER_0103,2024-10-24 00:34:00
USER_0007,2024-10-24 01:38:00
USER_0037,2024-10-24 02:41:00
USER_0031,2024-10-24 03:40:00
USER_0153,2024-10-24 07:35:00
USER_0068,2024-10-24 09:31:00
USER_0189,2024-10-24 14:37:00
USER_0028,2024-10-24 17:01:00
USER_0146,2024-10-25 02:55:00
USER_0097,2024-10-25 06:57:00
USER_0007,2024-10-25 08:18:00
USER_0035,2024-10-25 11:11:00
USER_0075,2024-10-26 13:53:00
USER_0167,2024-10-26 19:05:00
USER_0032,2024-10-27 00:11:00
USER_0023,2024-10-27 00:25:00
USER_0023,2024-10-27 02:59:00
USER_0008,2024-10-27 03:58:00
USER_0051,2024-10-27 07:28:00
USER_0158,2024-10-27 08:56:00
USER_0079,2024-10-27 12:45:00
USER_0184,2024-10-27 14:47:00
USER_0054,2024-10-27 16:40:00
USER_0199,2024-10-27 17:15:00
USER_0129,2024-10-27 17:52:00
USER_0153,2024-10-27 20:42:00
USER_0130,2024-10-27 23:48:00
USER_0173,2024-10-28 02:30:00
USER_0155,2024-10-28 03:08:00
USER_0170,2024-10-28 08:12:00
USER_0172,2024-10-28 08:52:00
USER_0135,2024-10-28 12:09:00
USER_0104,2024-10-28 13:20:00
USER_0070,2024-10-28 17:56:00
USER_0177,2024-10-29 06:33:00
USER_0004,2024-10-29 06:45:00
USER_0046,2024-10-29 07:24:00
USER_0151,2024-10-29 10:49:00
USER_0036,2024-10-29 17:39:00
USER_0067,2024-10-29 20:17:00
USER_0080,2024-10-29 20:33:00
USER_0063,2024-10-30 07:46:00
USER_0008,2024-10-30 08:21:00
USER_0070,2024-10-30 09:45:00
USER_0032,2024-10-30 10:09:00
USER_0033,2024-10-30 11:04:00
USER_0138,2024-10-30 11:11:00
USER_0020,2024-10-30 13:15:00
USER_0025,2024-10-30 17:56:00
USER_0126,2024-10-30 22:40:00
USER_0032,2024-10-30 23:00:00
USER_0181,2024-10-31 02:40:00
USER_0013,2024-10-31 07:13:00
USER_0016,2024-10-31 14:12:00
USER_0192,2024-10-31 14:42:00
USER_0133,2024-10-31 16:22:00
USER_0074,2024-10-31 21:35:00
USER_0041,2024-10-31 21:37:00
USER_0174,2024-11-01 00:14:00
USER_0073,2024-11-01 06:02:00
USER_0190,2024-11-01 06:12:00
USER_0028,2024-11-01 08:13:00
USER_0194,2024-11-01 09:06:00
USER_0196,2024-11-01 13:34:00
USER_0165,2024-11-01 14:17:00
USER_0151,2024-11-01 14:28:00
USER_0128,2024-11-01 14:35:00
USER_0033,2024-11-01 18:16:00
USER_0018,2024-11-01 18:50:00
USER_0056,2024-11-01 21:03:00
USER_0022,2024-11-01 22:44:00
USER_0195,2024-11-02 09:00:00
USER_0117,2024-11-02 09:04:00
USER_0115,2024-11-02 10:38:00
USER_0110,2024-11-02 14:19:00
USER_0001,2024-11-02 14:40:00
USER_0005,2024-11-02 18:45:00
USER_0194,2024-11-03 02:18:00
USER_0146,2024-11-03 08:13:00
USER_0169,2024-11-03 11:30:00
USER_0172,2024-11-03 14:48:00
USER_0175,2024-11-03 20:37:00
USER_0048,2024-11-03 23:24:00
USER_0032,2024-11-03 23:58:00
USER_0182,2024-11-04 02:59:00
USER_0159,2024-11-04 06:05:00
USER_0114,2024-11-04 12:12:00
USER_0109,2024-11-04 13:31:00
USER_0088,2024-11-04 13:36:00
USER_0160,2024-11-04 13:49:00
USER_0091,2024-11-04 17:06:00
USER_0144,2024-11-04 19:10:00
USER_0009,2024-11-05 01:42:00
USER_0098,2024-11-05 03:44:00
USER_0037,2024-11-05 09:29:00
USER_0144,2024-11-05 10:47:00
USER_0015,2024-11-05 15:25:00
USER_0044,2024-11-05 18:52:00
USER_0007,2024-11-06 00:41:00
USER_0145,2024-11-06 01:59:00
USER_0165,2024-11-06 03:30:00
USER_0015,2024-11-06 03:43:00
USER_0098,2024-11-06 06:05:00
USER_0181,2024-11-06 07:36:00
USER_0083,2024-11-06 08:32:00
USER_0086,2024-11-06 11:42:00
USER_0196,2024-11-06 15:24:00
USER_0131,2024-11-06 21:47:00
USER_0194,2024-11-06 21:51:00
USER_0082,2024-11-07 01:34:00
USER_0171,2024-11-07 03:19:00
USER_0178,2024-11-07 13:24:00
USER_0196,2024-11-07 16:32:00
USER_0152,2024-11-07 19:21:00
USER_0196,2024-11-08 03:49:00
USER_0090,2024-11-08 05:52:00
USER_0106,2024-11-08 07:26:00
USER_0187,2024-11-08 14:39:00
USER_0081,2024-11-08 18:34:00
USER_0021,2024-11-09 06:27:00
USER_0185,2024-11-09 11:23:00
USER_0079,2024-11-09 15:10:00
USER_0140,2024-11-09 16:17:00
USER_0079,2024-11-09 18:40:00
USER_0014,2024-11-09 22:39:00
USER_0083,2024-11-10 06:29:00
USER_0124,2024-11-10 10:58:00
USER_0083,2024-11-10 12:56:00
USER_0086,2024-11-10 16:47:00
USER_0168,2024-11-10 18:47:00
USER_0082,2024-11-11 01:36:00
USER_0139,2024-11-11 06:24:00
USER_0006,2024-11-11 06:56:00
USER_0109,2024-11-11 10:30:00
USER_0020,2024-11-11 17:27:00
USER_0040,2024-11-11 17:34:00
USER_0149,2024-11-11 18:18:00
USER_0079,2024-11-12 05:14:00
USER_0018,2024-11-12 05:20:00
USER_0198,2024-11-12 06:51:00
USER_0003,2024-11-12 06:56:00
USER_0120,2024-11-12 17:30:00
USER_0038,2024-11-12 18:14:00
USER_0163,2024-11-12 22:40:00
USER_0086,2024-11-13 06:14:00
USER_0046,2024-11-13 08:27:00
USER_0188,2024-11-13 15:07:00
USER_0020,2024-11-13 17:47:00
USER_0157,2024-11-14 02:02:00
USER_0068,2024-11-14 04:39:00
USER_0063,2024-11-14 10:37:00
USER_0020,2024-11-14 14:27:00
USER_0032,2024-11-14 21:34:00
USER_0086,2024-11-15 06:50:00
USER_0088,2024-11-16 00:26:00
USER_0072,2024-11-16 04:11:00
USER_0149,2024-11-16 06:24:00
USER_0129,2024-11-16 07:34:00
USER_0172,2024-11-16 08:13:00
USER_0014,2024-11-17 01:07:00
USER_0179,2024-11-17 07:13:00
USER_0025,2024-11-17 17:23:00
USER_0055,2024-11-18 09:44:00
USER_0105,2024-11-18 12:00:00
USER_0067,2024-11-18 14:12:00
USER_0072,2024-11-18 14:28:00
USER_0004,2024-11-18 14:41:00
USER_0148,2024-11-18 16:46:00
USER_0120,2024-11-18 22:03:00
USER_0159,2024-11-19 00:53:00
USER_0130,2024-11-19 06:46:00
USER_0099,2024-11-19 18:26:00
USER_0025,2024-11-20 05:55:00
USER_0064,2024-11-20 21:50:00
USER_0064,2024-11-21 09:19:00
USER_0157,2024-11-22 01:43:00
USER_0154,2024-11-22 05:48:00
USER_0132,2024-11-22 06:22:00
USER_0001,2024-11-23 08:21:00
USER_0086,2024-11-23 18:15:00
USER_0145,2024-11-23 23:47:00
USER_0046,2024-11-24 01:38:00
USER_0018,2024-11-24 06:33:00
USER_0186,2024-11-25 06:33:00
USER_0068,2024-11-25 12:29:00
USER_0068,2024-11-25 17:13:00
USER_0145,2024-11-27 02:07:00
USER_0145,2024-11-27 06:52:00
USER_0182,2024-11-28 10:09:00
USER_0001,2024-11-28 14:11:00
USER_0099,2024-11-29 08:36:00
USER_0145,2024-11-29 08:39:00
